Allocating Elements;ReqIFName;ReqIFText;requirementType;Parent;Priority;Status
Functional;;;;;;
TransmiteComandaDeplasare;Difuzare video;Smartphonul trebuie sa transmita video pe baza deplasarii Car Kit (Robot).;Functional;Incepeti comanda deplasare;High;Draft
ComandaDeplasare;Porniti monitorizarea video;Pilotul trebuie sa poata controla deplasarea Car Kit (Robot).;Functional;Incepeti comanda deplasare;High;Draft
RealizareDeplasare;Vizionare video;"Car Kit (Robot) trebuie&nbsp; sa aiba capacitatea de a se deplasa.";Functional;Incepeti comanda deplasare;High;Draft
"
";;;;;;
